TransactionID,Date,CustomerID,ProductCategory,Quantity,UnitPrice,Region
TXN-10000,2025-09-12 14:00:00,CUST-418,Furniture,1,120.76,EAST
TXN-10001,2024-10-20 03:00:00,CUST-147,Electronics,7,280.01,South
TXN-10002,2023-02-05 20:00:00,CUST-160,furn.,5,266.55,WEST_REGION
TXN-10003,2023-08-13 14:00:00,CUST-436,Appliances,1,148.31,WEST_REGION
TXN-10004,2025-06-17 23:00:00,CUST-125,Electronics,3,156.06,West
TXN-10005,2024-05-13 12:00:00,CUST-391,Appliances,7,146.14,North
TXN-10006,2024-04-15 04:00:00,CUST-356,Electronics,1,388.04,EAST
TXN-10007,2025-07-10 14:00:00,CUST-107,Electronics,7,329.43,West
TXN-10008,2023-09-19 01:00:00,CUST-212,furn.,5,417.88,South
TXN-10009,2024-12-03 02:00:00,CUST-454,Appliances,1,487.98,West
TXN-10010,2023-07-04 10:00:00,CUST-352,Elec.,1,242.34,north
TXN-10011,2025-07-04 02:00:00,CUST-279,Furniture,1,42.68,East
TXN-10012,2024-08-23 23:00:00,CUST-306,Furniture,9,33.57,North
TXN-10013,2024-04-18 11:00:00,CUST-402,Electronics,3,154.88,north
TXN-10014,2024-10-29 15:00:00,CUST-226,Electronics,5,466.95,north
TXN-10015,2023-12-13 18:00:00,CUST-155,Elec.,9,266.37,South
TXN-10016,2023-03-12 05:00:00,CUST-313,furn.,6,143.18,East
TXN-10017,2023-02-02 01:00:00,CUST-113,Electronics,9,205.59,East
TXN-10018,2025-08-30 05:00:00,CUST-127,Electronics,8,303.31,south
TXN-10019,2023-04-12 09:00:00,CUST-177,Appliances,8,329.95,EAST
TXN-10020,2023-08-10 07:00:00,,furn.,1,85.42,North
TXN-10021,2023-07-30 11:00:00,CUST-485,Electronics,9,488.75,EAST
TXN-10022,2023-09-25 12:00:00,,Appliances,6,276.94,South
TXN-10023,2025-01-02 00:00:00,CUST-253,APPLIANCES,9,76.49,North
TXN-10024,2025-05-22 11:00:00,CUST-113,Electronics,3,447.88,south
TXN-10025,2025-04-03 17:00:00,CUST-286,Electronics,3,46.57,West
TXN-10026,2023-09-24 12:00:00,CUST-411,Furniture,6,454.79,north
TXN-10027,2023-12-28 02:00:00,CUST-470,furn.,9,498.32,North
TXN-10028,2025-12-05 02:00:00,,Electronics,7,353.21,EAST
TXN-10029,2025-02-28 06:00:00,CUST-102,Appliances,3,387.52,north
TXN-10030,2025-10-06 17:00:00,CUST-210,Appliances,3,175.28,South
TXN-10031,2025-02-06 23:00:00,,Appliances,2,471.37,EAST
TXN-10032,2023-04-25 11:00:00,CUST-462,Furniture,9,269.56,West
TXN-10033,2025-11-30 15:00:00,CUST-338,Appliances,3,368.87,South
TXN-10034,2023-01-08 21:00:00,CUST-373,Appliances,5,462.81,WEST_REGION
TXN-10035,2025-03-07 14:00:00,CUST-393,Appliances,9,487.84,West
TXN-10036,2023-05-06 05:00:00,CUST-326,Furniture,8,418.27,West
TXN-10037,2025-05-26 18:00:00,CUST-470,Furniture,2,158.48,north
TXN-10038,2023-03-21 03:00:00,CUST-114,APPLIANCES,3,483.61,South
TXN-10039,2025-10-01 22:00:00,,Electronics,2,317.78,South
TXN-10040,2023-02-22 19:00:00,CUST-218,APPLIANCES,8,466.01,North
TXN-10041,2025-01-16 08:00:00,CUST-127,APPLIANCES,6,341.29,EAST
TXN-10042,2024-04-19 18:00:00,,Electronics,6,160.55,WEST_REGION
TXN-10043,2023-05-29 04:00:00,CUST-138,Appliances,9,191.31,South
TXN-10044,2023-06-12 02:00:00,CUST-372,Appliances,8,279.73,North
TXN-10045,2024-01-04 06:00:00,CUST-330,Electronics,4,397.11,WEST_REGION
TXN-10046,2024-08-27 06:00:00,CUST-185,Appliances,4,165.81,East
TXN-10047,2025-06-26 09:00:00,CUST-225,Electronics,9,294.07,East
TXN-10048,2024-03-18 19:00:00,CUST-399,Electronics,1,179.36,WEST_REGION
TXN-10049,2024-01-02 08:00:00,CUST-124,APPLIANCES,2,409.73,East
TXN-10050,2024-03-15 19:00:00,CUST-244,Electronics,2,238.7,south
TXN-10051,2024-03-03 05:00:00,CUST-112,APPLIANCES,6,47.59,South
TXN-10052,2023-12-18 09:00:00,CUST-311,Furniture,4,91.37,south
TXN-10053,2024-03-02 09:00:00,CUST-124,APPLIANCES,3,39.94,EAST
TXN-10054,2024-04-04 00:00:00,CUST-167,Furniture,3,254.66,South
TXN-10055,2025-09-22 17:00:00,CUST-493,Electronics,3,62.11,North
TXN-10056,2023-04-19 20:00:00,CUST-166,Furniture,6,65.93,south
TXN-10057,2025-09-03 01:00:00,CUST-332,Electronics,8,471.11,south
TXN-10058,2025-12-16 19:00:00,CUST-208,Appliances,7,437.6,EAST
TXN-10059,2025-07-31 11:00:00,,furn.,4,231.52,south
TXN-10060,2025-06-30 06:00:00,CUST-210,Electronics,4,-493.04,West
TXN-10061,2025-09-05 11:00:00,CUST-327,Appliances,2,10.09,North
TXN-10062,2025-12-21 14:00:00,CUST-210,Elec.,1,310.85,East
TXN-10063,2024-10-19 19:00:00,CUST-133,APPLIANCES,9,312.05,North
TXN-10064,2024-12-15 23:00:00,CUST-210,Furniture,2,234.15,West
TXN-10065,2024-05-23 14:00:00,CUST-363,Electronics,8,204.5,EAST
TXN-10066,2023-12-09 18:00:00,CUST-468,Furniture,9,233.14,EAST
TXN-10067,2024-08-28 21:00:00,CUST-335,Electronics,4,213.33,South
TXN-10068,2023-05-12 08:00:00,CUST-182,Elec.,8,367.94,North
TXN-10069,2023-03-08 01:00:00,CUST-141,furn.,9,76.32,WEST_REGION
TXN-10070,2023-06-14 07:00:00,CUST-200,Elec.,5,106.84,WEST_REGION
TXN-10071,2025-09-24 11:00:00,CUST-105,APPLIANCES,7,98.45,EAST
TXN-10072,2025-03-21 17:00:00,,Electronics,4,138.61,south
TXN-10073,2023-02-12 13:00:00,CUST-381,Elec.,1,267.38,EAST
TXN-10074,2024-04-30 13:00:00,,APPLIANCES,3,64.49,EAST
TXN-10075,2024-03-26 05:00:00,CUST-325,Electronics,5,435.4,EAST
TXN-10076,2024-07-13 01:00:00,CUST-414,APPLIANCES,3,155.71,EAST
TXN-10077,2025-04-22 19:00:00,CUST-464,Electronics,7,89.64,WEST_REGION
TXN-10078,2023-11-29 21:00:00,CUST-328,Furniture,9,341.05,WEST_REGION
TXN-10079,2024-02-08 20:00:00,,APPLIANCES,6,28.66,East
TXN-10080,2024-06-25 06:00:00,CUST-388,Furniture,1,313.78,East
TXN-10081,2023-10-14 09:00:00,CUST-249,Electronics,7,352.12,South
TXN-10082,2023-08-25 11:00:00,CUST-376,Furniture,3,115.31,EAST
TXN-10083,2023-01-07 17:00:00,CUST-297,Furniture,5,30.56,WEST_REGION
TXN-10084,2023-06-29 01:00:00,CUST-169,furn.,4,188.19,North
TXN-10085,2023-02-11 11:00:00,CUST-211,Appliances,5,58.31,West
TXN-10086,2024-04-25 14:00:00,CUST-103,Appliances,5,67.07,South
TXN-10087,2023-11-14 21:00:00,CUST-449,Elec.,6,134.59,WEST_REGION
TXN-10088,2025-12-13 03:00:00,CUST-430,Appliances,6,154.78,North
TXN-10089,2023-02-12 08:00:00,CUST-417,Furniture,8,269.69,EAST
TXN-10090,2025-10-07 13:00:00,CUST-449,Furniture,8,342.41,north
TXN-10091,2025-08-08 23:00:00,CUST-194,APPLIANCES,9,300.46,EAST
TXN-10092,2025-10-08 12:00:00,CUST-251,Furniture,8,82.7,East
TXN-10093,2025-08-26 15:00:00,CUST-410,Furniture,2,-94.32,West
TXN-10094,2025-10-09 12:00:00,CUST-236,Electronics,1,440.6,WEST_REGION
TXN-10095,2023-12-22 09:00:00,CUST-346,Electronics,2,283.59,WEST_REGION
TXN-10096,2024-12-20 06:00:00,,Electronics,2,436.27,south
TXN-10097,2024-01-22 04:00:00,CUST-342,Electronics,3,192.06,West
TXN-10098,2025-06-05 07:00:00,CUST-130,Furniture,7,311.06,south
TXN-10099,2024-05-22 17:00:00,CUST-139,Elec.,2,266.6,West
TXN-10100,2025-06-04 03:00:00,CUST-328,Furniture,1,166.37,East
TXN-10101,2023-09-21 19:00:00,CUST-135,APPLIANCES,6,240.26,south
TXN-10102,2023-12-24 03:00:00,CUST-322,furn.,9,256.22,North
TXN-10103,2025-11-10 12:00:00,CUST-105,APPLIANCES,3,108.38,south
TXN-10104,2023-10-28 08:00:00,CUST-421,Furniture,6,164.36,South
TXN-10105,2023-08-08 20:00:00,CUST-319,Furniture,3,397.79,North
TXN-10106,2025-02-07 14:00:00,CUST-174,Appliances,1,458.74,South
TXN-10107,2024-11-16 08:00:00,CUST-103,Electronics,5,186.3,EAST
TXN-10108,2024-11-06 16:00:00,CUST-434,Appliances,4,160.42,West
TXN-10109,2023-11-30 14:00:00,CUST-233,furn.,7,105.65,North
TXN-10110,2023-04-18 00:00:00,CUST-217,APPLIANCES,6,342.46,West
TXN-10111,2025-06-29 07:00:00,CUST-468,Electronics,7,168.32,EAST
TXN-10112,2023-03-26 11:00:00,CUST-193,Appliances,5,494.0,north
TXN-10113,2023-04-23 07:00:00,CUST-161,APPLIANCES,4,169.59,WEST_REGION
TXN-10114,2025-12-22 07:00:00,CUST-293,Electronics,7,203.13,West
TXN-10115,2024-10-04 14:00:00,CUST-434,Appliances,7,305.63,EAST
TXN-10116,2023-08-08 02:00:00,,APPLIANCES,6,402.83,West
TXN-10117,2025-07-05 18:00:00,CUST-491,Appliances,8,240.06,EAST
TXN-10118,2023-10-08 16:00:00,,Electronics,4,217.1,South
TXN-10119,2023-01-17 07:00:00,CUST-272,Furniture,5,497.86,EAST
TXN-10120,2024-08-05 18:00:00,CUST-399,APPLIANCES,4,15.14,south
TXN-10121,2024-06-11 18:00:00,CUST-232,Furniture,1,448.58,north
TXN-10122,2023-09-03 12:00:00,CUST-425,Electronics,8,83.08,West
TXN-10123,2023-05-29 09:00:00,,Appliances,1,395.1,EAST
TXN-10124,2023-09-15 16:00:00,CUST-423,Appliances,5,312.79,EAST
TXN-10125,2025-03-22 19:00:00,CUST-374,Furniture,6,177.51,West
TXN-10126,2025-08-02 06:00:00,CUST-311,Elec.,6,438.2,WEST_REGION
TXN-10127,2023-12-16 16:00:00,CUST-324,Electronics,5,16.32,north
TXN-10128,2024-06-28 11:00:00,,APPLIANCES,3,121.08,north
TXN-10129,2024-09-28 01:00:00,CUST-212,Electronics,5,287.78,EAST
TXN-10130,2025-03-23 00:00:00,CUST-239,Appliances,8,182.26,North
TXN-10131,2025-09-10 07:00:00,CUST-146,Electronics,2,309.08,South
TXN-10132,2023-04-13 06:00:00,CUST-100,Appliances,6,21.81,north
TXN-10133,2024-05-08 05:00:00,CUST-189,Furniture,9,67.06,north
TXN-10134,2024-08-07 23:00:00,CUST-241,Furniture,8,72.28,East
TXN-10135,2025-11-23 12:00:00,CUST-419,Electronics,8,102.75,south
TXN-10136,2025-03-07 11:00:00,CUST-137,Furniture,8,235.07,north
TXN-10137,2024-04-01 21:00:00,CUST-392,Electronics,7,378.54,South
TXN-10138,2025-10-19 10:00:00,CUST-481,Elec.,8,453.71,south
TXN-10139,2024-02-11 18:00:00,CUST-238,furn.,6,419.33,south
TXN-10140,2023-07-30 16:00:00,CUST-455,Appliances,2,106.48,West
TXN-10141,2024-09-14 20:00:00,CUST-432,Furniture,2,226.16,West
TXN-10142,2023-12-04 22:00:00,CUST-358,Appliances,8,107.71,West
TXN-10143,2024-07-27 21:00:00,CUST-260,Electronics,1,139.59,West
TXN-10144,2025-04-22 16:00:00,CUST-489,Appliances,6,256.74,East
TXN-10145,2024-12-26 12:00:00,CUST-277,Elec.,6,43.37,north
TXN-10146,2025-09-17 09:00:00,CUST-109,Furniture,4,116.91,West
TXN-10147,2023-01-21 22:00:00,CUST-360,Electronics,3,-468.34,EAST
TXN-10148,2023-10-15 22:00:00,CUST-237,APPLIANCES,3,238.4,North
TXN-10149,2024-06-12 13:00:00,CUST-271,Furniture,1,228.24,West
TXN-10150,2025-11-26 06:00:00,CUST-485,APPLIANCES,3,17.14,north
TXN-10151,2025-08-29 18:00:00,CUST-112,Furniture,4,131.23,West
TXN-10152,2025-05-19 16:00:00,CUST-267,Furniture,5,434.48,East
TXN-10153,2023-01-09 14:00:00,CUST-229,Electronics,3,90.67,South
TXN-10154,2025-06-15 14:00:00,CUST-183,Electronics,6,213.41,South
TXN-10155,2025-07-20 17:00:00,,furn.,5,17.02,north
TXN-10156,2025-10-01 09:00:00,CUST-418,Electronics,3,244.38,EAST
TXN-10157,2025-09-02 19:00:00,,furn.,6,20.3,South
TXN-10158,2025-01-14 12:00:00,CUST-428,Furniture,6,-411.61,WEST_REGION
TXN-10159,2025-10-07 02:00:00,,Electronics,8,414.18,South
TXN-10160,2024-10-25 22:00:00,CUST-364,Electronics,2,395.99,North
TXN-10161,2024-12-19 15:00:00,CUST-498,Electronics,1,148.85,north
TXN-10162,2025-03-09 22:00:00,CUST-137,furn.,4,420.25,EAST
TXN-10163,2025-09-18 08:00:00,,Appliances,7,-276.07,north
TXN-10164,2023-12-31 19:00:00,,Appliances,3,193.17,South
TXN-10165,2025-06-14 20:00:00,CUST-404,Appliances,3,316.41,South
TXN-10166,2024-05-30 23:00:00,CUST-168,Electronics,5,16.05,South
TXN-10167,2025-07-22 11:00:00,CUST-417,Appliances,5,80.05,south
TXN-10168,2025-01-25 21:00:00,CUST-335,Electronics,3,373.72,East
TXN-10169,2024-09-09 12:00:00,CUST-433,APPLIANCES,9,129.64,West
TXN-10170,2023-11-12 14:00:00,,Appliances,4,303.02,WEST_REGION
TXN-10171,2023-09-23 14:00:00,CUST-475,Appliances,3,198.7,East
TXN-10172,2025-08-27 20:00:00,CUST-236,Appliances,2,428.85,north
TXN-10173,2023-03-11 22:00:00,CUST-175,Appliances,9,476.68,WEST_REGION
TXN-10174,2025-03-28 18:00:00,CUST-134,furn.,4,442.95,North
TXN-10175,2025-05-25 20:00:00,CUST-100,Furniture,3,142.6,West
TXN-10176,2023-02-14 03:00:00,CUST-395,Electronics,7,105.14,North
TXN-10177,2025-08-18 12:00:00,CUST-419,Furniture,8,242.47,EAST
TXN-10178,2024-11-05 22:00:00,,Electronics,2,13.59,south
TXN-10179,2024-02-18 02:00:00,,Electronics,7,22.65,north
TXN-10180,2025-03-25 05:00:00,CUST-448,furn.,5,281.11,south
TXN-10181,2025-07-18 03:00:00,CUST-427,Elec.,5,265.02,north
TXN-10182,2024-03-26 17:00:00,CUST-366,furn.,3,497.35,North
TXN-10183,2024-03-31 01:00:00,CUST-460,Appliances,5,108.9,North
TXN-10184,2024-02-12 21:00:00,CUST-328,Furniture,2,136.47,North
TXN-10185,2024-11-10 16:00:00,CUST-369,Electronics,4,65.63,north
TXN-10186,2024-04-13 20:00:00,CUST-415,Electronics,6,459.6,South
TXN-10187,2023-04-23 05:00:00,CUST-385,APPLIANCES,1,391.13,North
TXN-10188,2024-08-03 11:00:00,CUST-390,Appliances,4,412.95,south
TXN-10189,2023-06-01 03:00:00,CUST-312,APPLIANCES,6,452.35,EAST
TXN-10190,2025-12-16 19:00:00,CUST-264,Elec.,9,267.2,West
TXN-10191,2024-11-04 05:00:00,CUST-104,Electronics,2,231.08,north
TXN-10192,2024-02-28 21:00:00,CUST-438,Furniture,7,171.89,WEST_REGION
TXN-10193,2025-06-28 18:00:00,,Furniture,6,298.72,south
TXN-10194,2025-01-21 23:00:00,CUST-177,Electronics,2,232.6,East
TXN-10195,2025-12-23 17:00:00,CUST-161,APPLIANCES,8,231.27,EAST
TXN-10196,2024-03-02 06:00:00,CUST-231,Furniture,7,469.09,East
TXN-10197,2024-10-16 11:00:00,CUST-188,Electronics,5,492.18,West
TXN-10198,2025-07-04 16:00:00,,Furniture,5,400.28,South
TXN-10199,2024-04-23 22:00:00,CUST-141,furn.,7,380.81,North
TXN-10200,2025-09-17 16:00:00,CUST-188,Electronics,9,343.47,north
TXN-10201,2023-02-24 10:00:00,CUST-395,APPLIANCES,9,91.38,south
TXN-10202,2023-10-10 08:00:00,CUST-427,Electronics,9,38.96,WEST_REGION
TXN-10203,2025-07-16 00:00:00,CUST-394,Elec.,6,348.46,North
TXN-10204,2024-01-30 18:00:00,CUST-203,Elec.,6,367.11,south
TXN-10205,2023-11-10 14:00:00,CUST-113,Appliances,3,33.02,north
TXN-10206,2025-11-19 13:00:00,CUST-387,Appliances,1,464.75,East
TXN-10207,2025-07-03 23:00:00,CUST-278,Elec.,7,54.66,North
TXN-10208,2023-08-19 10:00:00,CUST-224,Appliances,4,150.09,West
TXN-10209,2025-05-16 13:00:00,CUST-452,Elec.,1,339.47,South
TXN-10210,2023-06-06 04:00:00,CUST-122,Electronics,8,93.24,West
TXN-10211,2024-07-18 09:00:00,CUST-162,APPLIANCES,6,37.15,South
TXN-10212,2023-01-28 15:00:00,CUST-242,Elec.,6,172.26,EAST
TXN-10213,2023-03-25 06:00:00,,furn.,2,385.33,south
TXN-10214,2023-11-30 02:00:00,CUST-244,Electronics,1,212.7,North
TXN-10215,2025-01-14 23:00:00,,Furniture,2,329.96,North
TXN-10216,2023-05-18 16:00:00,CUST-408,Furniture,4,294.01,EAST
TXN-10217,2025-04-19 11:00:00,CUST-203,Appliances,2,20.89,South
TXN-10218,2025-06-19 16:00:00,CUST-203,Appliances,1,494.38,East
TXN-10219,2025-01-29 21:00:00,CUST-138,Electronics,7,30.3,north
TXN-10220,2024-07-29 08:00:00,CUST-297,Elec.,8,484.22,West
TXN-10221,2023-10-02 09:00:00,CUST-233,Furniture,6,279.43,EAST
TXN-10222,2025-01-06 11:00:00,CUST-166,Electronics,4,481.95,WEST_REGION
TXN-10223,2025-04-11 21:00:00,CUST-490,Furniture,6,66.23,WEST_REGION
TXN-10224,2024-04-30 09:00:00,CUST-278,Appliances,3,-250.3,south
TXN-10225,2025-09-24 10:00:00,CUST-141,Electronics,8,93.06,EAST
TXN-10226,2025-09-13 00:00:00,CUST-114,furn.,2,34.98,West
TXN-10227,2023-03-10 04:00:00,CUST-210,furn.,5,312.59,West
TXN-10228,2025-04-16 16:00:00,CUST-256,Furniture,1,111.81,south
TXN-10229,2024-12-12 18:00:00,CUST-388,Electronics,6,297.97,south
TXN-10230,2023-07-17 09:00:00,CUST-330,Elec.,2,65.06,North
TXN-10231,2024-08-29 11:00:00,CUST-256,Appliances,4,172.67,West
TXN-10232,2024-08-01 05:00:00,CUST-137,Appliances,6,393.0,north
TXN-10233,2023-02-05 14:00:00,CUST-196,Appliances,8,224.16,WEST_REGION
TXN-10234,2025-10-19 20:00:00,CUST-388,Furniture,8,317.6,north
TXN-10235,2023-09-01 23:00:00,CUST-353,Furniture,6,327.25,South
TXN-10236,2023-11-05 00:00:00,,Appliances,4,423.44,EAST
TXN-10237,2025-08-12 16:00:00,CUST-185,Furniture,8,169.21,south
TXN-10238,2024-08-04 05:00:00,CUST-421,furn.,8,346.77,North
TXN-10239,2025-06-20 09:00:00,CUST-109,Appliances,1,481.19,north
TXN-10240,2025-06-17 04:00:00,CUST-104,Elec.,4,367.82,East
TXN-10241,2025-01-23 19:00:00,CUST-222,APPLIANCES,4,250.04,WEST_REGION
TXN-10242,2023-08-30 07:00:00,CUST-429,Appliances,7,319.05,North
TXN-10243,2025-07-02 07:00:00,CUST-452,Appliances,7,372.44,North
TXN-10244,2023-07-25 11:00:00,CUST-217,Furniture,8,310.02,north
TXN-10245,2025-04-08 22:00:00,CUST-393,Furniture,5,18.17,East
TXN-10246,2023-01-09 10:00:00,CUST-496,APPLIANCES,7,105.44,South
TXN-10247,2024-04-21 23:00:00,,Appliances,8,407.13,north
TXN-10248,2025-05-08 10:00:00,CUST-402,furn.,9,-143.6,East
TXN-10249,2024-06-12 16:00:00,CUST-327,Electronics,3,368.47,North
TXN-10250,2025-11-21 22:00:00,CUST-464,Electronics,3,192.34,WEST_REGION
TXN-10251,2023-07-02 21:00:00,CUST-315,Furniture,4,265.72,East
TXN-10252,2023-04-07 23:00:00,CUST-283,Electronics,5,43.31,North
TXN-10253,2023-11-30 12:00:00,CUST-114,Electronics,1,98.8,EAST
TXN-10254,2025-03-15 19:00:00,CUST-256,Appliances,7,479.03,north
TXN-10255,2023-11-21 01:00:00,CUST-235,Electronics,9,446.17,south
TXN-10256,2023-01-09 05:00:00,CUST-360,Electronics,8,329.61,north
TXN-10257,2025-09-06 13:00:00,CUST-256,furn.,5,235.23,EAST
TXN-10258,2023-03-22 10:00:00,CUST-146,Electronics,4,341.12,West
TXN-10259,2024-05-05 14:00:00,CUST-423,Elec.,7,313.12,West
TXN-10260,2024-09-20 15:00:00,,Elec.,5,288.59,West
TXN-10261,2025-08-02 15:00:00,CUST-272,furn.,7,39.0,north
TXN-10262,2025-11-15 08:00:00,CUST-229,Electronics,1,320.07,South
TXN-10263,2024-01-25 03:00:00,CUST-194,APPLIANCES,1,386.77,north
TXN-10264,2025-05-11 02:00:00,CUST-214,Furniture,3,497.1,WEST_REGION
TXN-10265,2024-04-27 21:00:00,CUST-342,Furniture,2,-15.43,EAST
TXN-10266,2025-02-26 07:00:00,CUST-391,Furniture,2,367.78,WEST_REGION
TXN-10267,2024-10-16 12:00:00,CUST-381,APPLIANCES,7,290.18,EAST
TXN-10268,2024-12-11 03:00:00,CUST-398,Appliances,2,222.69,south
TXN-10269,2023-04-28 03:00:00,CUST-382,Elec.,4,72.51,East
TXN-10270,2025-09-05 10:00:00,CUST-168,Furniture,2,210.45,north
TXN-10271,2024-08-16 11:00:00,CUST-247,Elec.,6,183.64,north
TXN-10272,2023-09-30 18:00:00,CUST-110,furn.,8,158.39,North
TXN-10273,2025-12-17 01:00:00,CUST-353,Electronics,4,368.13,EAST
TXN-10274,2023-03-24 18:00:00,,furn.,5,353.36,North
TXN-10275,2023-12-14 10:00:00,CUST-459,Electronics,4,298.62,North
TXN-10276,2024-04-20 11:00:00,CUST-137,Electronics,3,469.95,north
TXN-10277,2023-05-02 07:00:00,CUST-233,Electronics,5,181.43,South
TXN-10278,2023-03-14 06:00:00,CUST-299,Appliances,9,129.46,East
TXN-10279,2025-01-29 11:00:00,CUST-122,Furniture,8,331.39,East
TXN-10280,2023-12-28 16:00:00,,Electronics,8,107.42,WEST_REGION
TXN-10281,2025-03-17 16:00:00,CUST-445,Electronics,8,164.36,EAST
TXN-10282,2025-02-03 07:00:00,CUST-401,furn.,8,120.06,south
TXN-10283,2023-08-28 23:00:00,CUST-462,APPLIANCES,7,43.89,EAST
TXN-10284,2025-08-19 14:00:00,CUST-495,APPLIANCES,8,415.47,South
TXN-10285,2023-04-10 09:00:00,CUST-317,APPLIANCES,8,134.72,South
TXN-10286,2024-04-07 23:00:00,CUST-240,Elec.,8,241.78,East
TXN-10287,2023-07-17 08:00:00,CUST-203,Electronics,7,31.22,West
TXN-10288,2023-03-17 02:00:00,CUST-309,Appliances,1,352.68,North
TXN-10289,2023-12-06 19:00:00,,Elec.,4,171.97,North
TXN-10290,2023-12-05 08:00:00,CUST-203,Electronics,4,374.92,East
TXN-10291,2023-10-03 16:00:00,CUST-415,Furniture,5,212.08,EAST
TXN-10292,2024-08-17 01:00:00,CUST-270,Electronics,6,105.92,South
TXN-10293,2024-08-26 14:00:00,,Appliances,4,261.46,EAST
TXN-10294,2025-07-02 06:00:00,,Furniture,2,73.95,south
TXN-10295,2025-05-01 21:00:00,CUST-232,Furniture,6,225.86,West
TXN-10296,2024-11-24 14:00:00,CUST-475,Furniture,8,165.48,East
TXN-10297,2024-08-09 11:00:00,CUST-392,Furniture,8,456.86,North
TXN-10298,2025-08-02 15:00:00,CUST-427,Electronics,7,39.86,north
TXN-10299,2025-11-15 23:00:00,CUST-226,Electronics,6,350.07,EAST
TXN-10300,2024-01-19 16:00:00,CUST-205,APPLIANCES,2,99.55,South
TXN-10301,2024-11-13 03:00:00,CUST-191,Furniture,7,166.33,north
TXN-10302,2024-05-08 03:00:00,CUST-386,Electronics,5,213.6,south
TXN-10303,2024-07-02 16:00:00,CUST-477,APPLIANCES,6,454.93,East
TXN-10304,2023-03-27 09:00:00,CUST-492,Electronics,8,128.86,EAST
TXN-10305,2023-08-14 23:00:00,CUST-150,Appliances,8,54.74,North
TXN-10306,2024-08-30 21:00:00,CUST-128,Electronics,3,166.16,EAST
TXN-10307,2025-05-22 04:00:00,CUST-395,Elec.,7,61.29,West
TXN-10308,2025-03-23 04:00:00,CUST-396,Furniture,1,73.01,WEST_REGION
TXN-10309,2023-10-26 06:00:00,CUST-313,Electronics,1,291.19,north
TXN-10310,2024-03-03 00:00:00,CUST-366,APPLIANCES,7,39.84,West
TXN-10311,2023-11-05 08:00:00,CUST-356,Appliances,9,25.16,south
TXN-10312,2025-03-25 18:00:00,CUST-401,Electronics,7,360.06,North
TXN-10313,2024-02-16 10:00:00,CUST-200,Electronics,5,187.21,north
TXN-10314,2024-09-23 07:00:00,CUST-445,Electronics,8,71.43,south
TXN-10315,2025-02-15 15:00:00,CUST-209,Electronics,2,134.27,West
TXN-10316,2023-02-18 02:00:00,CUST-281,Furniture,9,324.62,West
TXN-10317,2023-07-07 11:00:00,CUST-412,APPLIANCES,6,145.01,WEST_REGION
TXN-10318,2023-09-20 07:00:00,CUST-100,Furniture,9,252.32,north
TXN-10319,2025-07-29 21:00:00,CUST-418,Electronics,2,69.63,North
TXN-10320,2025-12-30 16:00:00,CUST-154,Electronics,3,298.17,West
TXN-10321,2024-05-22 15:00:00,CUST-470,Electronics,8,164.88,East
TXN-10322,2024-06-20 10:00:00,CUST-498,Appliances,1,317.21,WEST_REGION
TXN-10323,2025-01-21 08:00:00,CUST-248,Elec.,7,406.11,south
TXN-10324,2023-08-19 19:00:00,CUST-408,Electronics,7,309.71,north
TXN-10325,2024-02-06 13:00:00,CUST-236,Elec.,1,154.92,South
TXN-10326,2025-05-07 15:00:00,,APPLIANCES,9,135.31,South
TXN-10327,2025-10-31 13:00:00,CUST-412,Appliances,8,170.44,North
TXN-10328,2024-10-11 10:00:00,CUST-216,APPLIANCES,4,90.66,East
TXN-10329,2023-04-17 13:00:00,CUST-253,Furniture,5,98.77,West
TXN-10330,2023-08-22 00:00:00,CUST-390,Furniture,2,397.44,South
TXN-10331,2024-11-17 18:00:00,CUST-162,Furniture,9,198.52,North
TXN-10332,2023-04-02 16:00:00,CUST-343,Appliances,6,223.64,south
TXN-10333,2024-08-13 12:00:00,CUST-124,Electronics,3,301.08,WEST_REGION
TXN-10334,2023-05-04 09:00:00,,Appliances,7,298.93,East
TXN-10335,2024-08-14 23:00:00,CUST-174,Electronics,9,43.01,East
TXN-10336,2025-06-08 21:00:00,CUST-393,Furniture,3,417.45,EAST
TXN-10337,2025-05-17 09:00:00,CUST-485,Electronics,2,96.89,North
TXN-10338,2024-05-13 17:00:00,CUST-490,furn.,7,-364.31,North
TXN-10339,2023-04-30 13:00:00,CUST-309,Elec.,7,388.61,EAST
TXN-10340,2024-12-23 12:00:00,CUST-446,Appliances,4,360.3,WEST_REGION
TXN-10341,2024-08-06 00:00:00,CUST-116,Electronics,9,293.7,West
TXN-10342,2025-10-27 16:00:00,CUST-227,APPLIANCES,8,17.16,North
TXN-10343,2023-08-26 11:00:00,CUST-463,APPLIANCES,1,186.58,EAST
TXN-10344,2025-08-30 00:00:00,CUST-350,Elec.,1,306.37,West
TXN-10345,2025-05-19 21:00:00,CUST-278,Electronics,5,199.85,WEST_REGION
TXN-10346,2025-12-14 04:00:00,CUST-281,Appliances,6,433.11,West
TXN-10347,2025-06-06 07:00:00,CUST-251,Electronics,3,161.31,north
TXN-10348,2023-06-16 03:00:00,CUST-124,Electronics,9,-153.83,East
TXN-10349,2025-12-23 15:00:00,CUST-279,Elec.,6,-140.34,south
TXN-10350,2025-07-22 07:00:00,CUST-297,Elec.,4,173.06,East
TXN-10351,2024-07-14 06:00:00,,Furniture,7,283.13,East
TXN-10352,2023-02-20 18:00:00,CUST-260,APPLIANCES,8,356.44,north
TXN-10353,2025-05-20 00:00:00,CUST-276,Furniture,9,334.66,West
TXN-10354,2023-07-17 07:00:00,CUST-384,Appliances,6,405.78,West
TXN-10355,2024-04-15 16:00:00,CUST-162,Appliances,6,444.1,North
TXN-10356,2023-07-09 19:00:00,CUST-249,furn.,8,409.88,north
TXN-10357,2024-01-17 02:00:00,CUST-253,Electronics,5,19.28,North
TXN-10358,2023-12-02 10:00:00,CUST-255,furn.,3,370.6,north
TXN-10359,2024-06-15 13:00:00,,APPLIANCES,3,112.12,North
TXN-10360,2025-04-06 06:00:00,CUST-148,Electronics,6,75.13,South
TXN-10361,2024-12-27 05:00:00,CUST-436,Furniture,2,322.86,EAST
TXN-10362,2023-10-15 05:00:00,CUST-183,APPLIANCES,6,166.67,East
TXN-10363,2025-01-23 05:00:00,CUST-460,Furniture,6,37.99,East
TXN-10364,2024-08-21 21:00:00,CUST-276,furn.,8,77.44,WEST_REGION
TXN-10365,2024-08-29 21:00:00,CUST-247,furn.,7,10.46,south
TXN-10366,2023-05-24 04:00:00,,Appliances,8,452.58,EAST
TXN-10367,2023-12-31 18:00:00,CUST-441,Appliances,9,22.06,West
TXN-10368,2024-03-20 21:00:00,CUST-162,furn.,6,112.63,south
TXN-10369,2023-09-03 15:00:00,CUST-288,Furniture,3,213.97,South
TXN-10370,2025-04-02 10:00:00,CUST-459,Electronics,3,184.72,WEST_REGION
TXN-10371,2024-11-23 01:00:00,CUST-148,Electronics,1,456.75,south
TXN-10372,2024-10-13 12:00:00,CUST-426,Furniture,5,29.74,WEST_REGION
TXN-10373,2025-06-05 13:00:00,CUST-356,furn.,4,260.99,East
TXN-10374,2023-10-20 14:00:00,,APPLIANCES,9,343.43,West
TXN-10375,2024-01-17 07:00:00,CUST-240,Furniture,9,466.53,South
TXN-10376,2023-08-22 08:00:00,CUST-314,Electronics,5,313.98,East
TXN-10377,2023-11-30 04:00:00,CUST-478,Electronics,4,403.84,EAST
TXN-10378,2024-01-11 07:00:00,CUST-310,APPLIANCES,7,51.03,North
TXN-10379,2024-06-23 10:00:00,,Electronics,6,199.11,north
TXN-10380,2025-09-29 19:00:00,CUST-131,Electronics,4,193.23,South
TXN-10381,2023-07-13 10:00:00,,Electronics,2,444.28,West
TXN-10382,2024-04-16 08:00:00,CUST-384,Furniture,1,84.17,WEST_REGION
TXN-10383,2023-11-16 23:00:00,CUST-404,furn.,4,84.42,south
TXN-10384,2023-12-09 00:00:00,CUST-385,Electronics,4,170.99,EAST
TXN-10385,2025-09-15 11:00:00,CUST-243,Appliances,1,36.69,south
TXN-10386,2025-12-11 19:00:00,,Furniture,6,99.4,South
TXN-10387,2025-02-13 13:00:00,CUST-117,furn.,4,482.95,EAST
TXN-10388,2024-03-22 12:00:00,CUST-356,Electronics,1,219.81,West
TXN-10389,2024-12-28 05:00:00,CUST-177,Appliances,1,319.69,South
TXN-10390,2023-05-24 12:00:00,CUST-470,Appliances,1,365.79,West
TXN-10391,2024-03-24 05:00:00,CUST-274,APPLIANCES,8,189.81,south
TXN-10392,2024-08-24 10:00:00,CUST-293,Appliances,8,82.14,East
TXN-10393,2023-02-14 04:00:00,,Electronics,2,111.22,EAST
TXN-10394,2025-02-18 15:00:00,,Furniture,7,163.5,North
TXN-10395,2023-05-23 12:00:00,CUST-321,Elec.,8,321.67,East
TXN-10396,2023-01-13 13:00:00,CUST-265,Electronics,8,205.16,North
TXN-10397,2024-06-03 12:00:00,CUST-418,APPLIANCES,7,13.34,south
TXN-10398,2024-12-08 22:00:00,CUST-231,Electronics,5,266.47,WEST_REGION
TXN-10399,2025-03-25 18:00:00,CUST-484,Furniture,1,461.54,EAST
TXN-10400,2023-01-30 03:00:00,CUST-363,Appliances,9,407.92,East
TXN-10401,2025-06-13 16:00:00,CUST-154,Elec.,7,414.35,East
TXN-10402,2025-12-07 11:00:00,CUST-458,Appliances,2,399.58,South
TXN-10403,2023-01-08 22:00:00,CUST-230,APPLIANCES,6,168.63,north
TXN-10404,2024-03-13 04:00:00,CUST-387,Elec.,2,384.94,south
TXN-10405,2024-12-24 12:00:00,CUST-365,Furniture,1,80.15,West
TXN-10406,2023-05-04 23:00:00,CUST-465,Elec.,7,332.28,south
TXN-10407,2023-09-12 06:00:00,CUST-261,Elec.,2,324.37,West
TXN-10408,2025-01-02 00:00:00,CUST-479,Electronics,2,22.53,EAST
TXN-10409,2025-04-01 07:00:00,CUST-186,Appliances,5,396.11,West
TXN-10410,2025-04-04 02:00:00,CUST-154,furn.,5,452.59,WEST_REGION
TXN-10411,2025-10-26 07:00:00,CUST-387,Electronics,7,141.03,North
TXN-10412,2023-03-17 16:00:00,CUST-277,Elec.,1,408.07,West
TXN-10413,2025-07-15 14:00:00,CUST-490,furn.,8,50.38,West
TXN-10414,2025-08-20 05:00:00,CUST-448,Electronics,3,303.98,South
TXN-10415,2023-01-24 17:00:00,CUST-107,Furniture,4,247.97,East
TXN-10416,2023-08-15 18:00:00,CUST-420,Appliances,9,277.5,south
TXN-10417,2023-03-20 23:00:00,CUST-412,Furniture,4,463.84,south
TXN-10418,2025-03-07 13:00:00,CUST-346,Electronics,5,436.94,EAST
TXN-10419,2023-06-10 23:00:00,CUST-422,Electronics,7,394.69,EAST
TXN-10420,2024-06-22 01:00:00,CUST-354,Furniture,4,-144.11,WEST_REGION
TXN-10421,2023-11-07 15:00:00,,APPLIANCES,1,456.79,West
TXN-10422,2023-06-17 06:00:00,CUST-153,Elec.,9,57.78,north
TXN-10423,2024-04-07 05:00:00,CUST-348,Furniture,4,428.13,south
TXN-10424,2025-01-22 22:00:00,CUST-338,Electronics,9,170.8,EAST
TXN-10425,2023-05-06 09:00:00,CUST-328,Furniture,6,36.35,West
TXN-10426,2025-10-04 22:00:00,CUST-166,Electronics,1,337.98,EAST
TXN-10427,2024-11-20 02:00:00,CUST-150,furn.,3,123.33,WEST_REGION
TXN-10428,2024-03-23 01:00:00,CUST-196,APPLIANCES,2,129.35,North
TXN-10429,2023-02-28 17:00:00,CUST-191,Elec.,9,159.96,North
TXN-10430,2024-05-25 09:00:00,CUST-363,furn.,1,41.21,EAST
TXN-10431,2023-02-02 16:00:00,,Electronics,9,96.79,North
TXN-10432,2023-12-04 08:00:00,CUST-195,Elec.,9,12.52,EAST
TXN-10433,2023-11-12 00:00:00,CUST-187,Appliances,8,228.25,West
TXN-10434,2024-06-06 05:00:00,CUST-177,furn.,8,51.29,South
TXN-10435,2023-11-02 23:00:00,CUST-387,Electronics,1,344.5,north
TXN-10436,2023-10-28 06:00:00,CUST-219,Elec.,8,125.46,West
TXN-10437,2025-07-04 20:00:00,CUST-401,APPLIANCES,3,472.35,South
TXN-10438,2023-08-30 17:00:00,,Electronics,7,436.91,South
TXN-10439,2025-03-10 14:00:00,CUST-264,Appliances,1,151.83,south
TXN-10440,2024-12-06 01:00:00,CUST-281,Elec.,1,393.78,West
TXN-10441,2023-09-07 10:00:00,CUST-497,Appliances,5,403.59,West
TXN-10442,2025-01-29 09:00:00,,Electronics,5,493.42,EAST
TXN-10443,2024-03-19 15:00:00,CUST-410,Electronics,8,302.94,South
TXN-10444,2023-12-30 04:00:00,,Electronics,7,50.16,South
TXN-10445,2025-08-31 03:00:00,CUST-429,APPLIANCES,8,326.95,South
TXN-10446,2025-07-06 01:00:00,CUST-362,Furniture,6,316.24,EAST
TXN-10447,2025-03-16 14:00:00,CUST-260,Electronics,6,322.79,south
TXN-10448,2025-10-12 16:00:00,CUST-250,Appliances,2,160.5,West
TXN-10449,2024-05-28 11:00:00,CUST-184,Appliances,6,431.24,South
TXN-10450,2023-07-19 04:00:00,,Electronics,5,480.14,North
TXN-10451,2023-04-09 16:00:00,,Appliances,3,116.68,West
TXN-10452,2024-05-16 15:00:00,CUST-480,Appliances,6,53.19,EAST
TXN-10453,2023-10-05 07:00:00,CUST-135,Appliances,8,105.32,south
TXN-10454,2023-12-07 13:00:00,CUST-384,Elec.,9,412.07,North
TXN-10455,2023-07-07 07:00:00,CUST-287,Electronics,1,341.56,EAST
TXN-10456,2024-03-29 21:00:00,CUST-181,Furniture,3,321.66,East
TXN-10457,2025-11-30 11:00:00,CUST-101,Furniture,3,206.88,West
TXN-10458,2025-07-21 18:00:00,CUST-484,Furniture,8,293.14,East
TXN-10459,2025-08-16 06:00:00,CUST-402,Furniture,1,160.86,EAST
TXN-10460,2025-12-08 14:00:00,CUST-296,Furniture,5,243.83,EAST
TXN-10461,2024-07-12 11:00:00,CUST-110,APPLIANCES,3,398.6,EAST
TXN-10462,2024-06-30 17:00:00,CUST-333,Furniture,2,490.81,South
TXN-10463,2025-07-18 07:00:00,CUST-485,Furniture,8,466.92,south
TXN-10464,2024-04-01 22:00:00,,APPLIANCES,3,467.59,South
TXN-10465,2023-02-05 13:00:00,CUST-218,Furniture,7,207.09,south
TXN-10466,2025-05-05 10:00:00,CUST-495,Electronics,1,239.71,north
TXN-10467,2025-04-19 17:00:00,CUST-119,Electronics,6,355.76,South
TXN-10468,2024-12-07 14:00:00,CUST-360,Electronics,3,461.87,East
TXN-10469,2024-12-31 12:00:00,CUST-392,APPLIANCES,8,79.58,south
TXN-10470,2025-08-02 21:00:00,CUST-355,Elec.,6,159.08,South
TXN-10471,2025-08-09 17:00:00,CUST-321,furn.,2,78.23,West
TXN-10472,2025-09-22 13:00:00,CUST-492,Furniture,6,309.88,EAST
TXN-10473,2024-02-17 19:00:00,CUST-325,Appliances,7,160.09,south
TXN-10474,2023-07-19 01:00:00,CUST-152,Electronics,5,169.79,south
TXN-10475,2025-04-23 06:00:00,CUST-454,Furniture,3,44.75,South
TXN-10476,2024-10-01 02:00:00,CUST-441,Furniture,4,181.4,north
TXN-10477,2023-04-14 19:00:00,CUST-463,furn.,4,432.62,South
TXN-10478,2024-09-30 16:00:00,CUST-379,Electronics,6,124.21,WEST_REGION
TXN-10479,2024-08-31 07:00:00,CUST-180,Furniture,1,350.64,East
TXN-10480,2025-03-23 20:00:00,CUST-301,Furniture,4,318.52,East
TXN-10481,2025-07-08 19:00:00,CUST-257,Furniture,4,433.11,south
TXN-10482,2023-05-08 03:00:00,CUST-219,Furniture,1,74.82,south
TXN-10483,2024-10-27 19:00:00,CUST-158,Elec.,9,489.02,South
TXN-10484,2024-11-13 20:00:00,CUST-314,Electronics,4,295.49,East
TXN-10485,2025-06-19 06:00:00,CUST-227,Elec.,7,497.78,East
TXN-10486,2025-06-23 03:00:00,CUST-323,Furniture,3,456.64,north
TXN-10487,2025-06-04 13:00:00,CUST-308,APPLIANCES,3,118.54,West
TXN-10488,2023-02-06 12:00:00,,APPLIANCES,8,37.52,north
TXN-10489,2025-12-01 07:00:00,CUST-214,Appliances,8,135.26,WEST_REGION
TXN-10490,2025-09-02 11:00:00,CUST-308,Electronics,1,268.51,North
TXN-10491,2023-06-22 14:00:00,CUST-113,furn.,2,-94.08,EAST
TXN-10492,2024-09-25 10:00:00,CUST-108,Furniture,8,92.06,north
TXN-10493,2023-10-18 06:00:00,CUST-139,furn.,1,236.67,WEST_REGION
TXN-10494,2023-10-22 23:00:00,CUST-336,Electronics,8,26.3,South
TXN-10495,2023-11-29 19:00:00,CUST-380,Furniture,8,69.73,West
TXN-10496,2023-10-11 07:00:00,CUST-458,APPLIANCES,2,213.77,South
TXN-10497,2023-07-06 01:00:00,CUST-300,furn.,4,40.93,EAST
TXN-10498,2024-12-10 03:00:00,CUST-345,Appliances,6,204.41,WEST_REGION
TXN-10499,2024-07-13 01:00:00,,Elec.,9,242.26,North
TXN-10500,2025-01-23 05:00:00,,Furniture,8,231.12,West
TXN-10501,2025-12-30 02:00:00,CUST-103,Electronics,8,435.9,south
TXN-10502,2025-05-30 16:00:00,CUST-253,Furniture,7,269.73,East
TXN-10503,2023-12-13 07:00:00,CUST-128,Furniture,9,239.31,north
TXN-10504,2024-12-18 06:00:00,CUST-208,furn.,2,211.25,WEST_REGION
TXN-10505,2024-08-10 10:00:00,CUST-197,Appliances,3,410.64,South
TXN-10506,2023-08-04 17:00:00,CUST-314,Electronics,8,448.58,North
TXN-10507,2024-08-17 06:00:00,,Electronics,6,428.09,East
TXN-10508,2025-12-17 01:00:00,CUST-174,Appliances,9,340.04,north
TXN-10509,2025-11-20 20:00:00,CUST-425,Appliances,4,77.31,East
TXN-10510,2023-12-13 04:00:00,CUST-245,Elec.,8,145.67,north
TXN-10511,2023-09-05 21:00:00,CUST-227,Appliances,3,32.57,WEST_REGION
TXN-10512,2025-03-11 22:00:00,CUST-440,furn.,3,466.1,south
TXN-10513,2023-02-17 22:00:00,CUST-141,furn.,8,333.79,West
TXN-10514,2025-09-24 16:00:00,CUST-455,Furniture,5,375.72,WEST_REGION
TXN-10515,2023-03-22 11:00:00,CUST-140,furn.,3,162.67,East
TXN-10516,2024-01-19 12:00:00,,Elec.,1,424.37,East
TXN-10517,2025-01-22 00:00:00,,Furniture,3,137.21,East
TXN-10518,2023-02-15 01:00:00,CUST-264,Electronics,9,10.81,West
TXN-10519,2024-12-05 00:00:00,CUST-252,Appliances,5,194.44,North
TXN-10520,2024-07-12 15:00:00,CUST-477,Furniture,2,289.67,north
TXN-10521,2023-11-22 05:00:00,,APPLIANCES,7,244.57,WEST_REGION
TXN-10522,2023-08-07 05:00:00,CUST-186,Appliances,2,432.42,WEST_REGION
TXN-10523,2024-12-06 23:00:00,CUST-216,APPLIANCES,4,61.65,south
TXN-10524,2025-04-15 16:00:00,CUST-461,Furniture,7,281.37,East
TXN-10525,2024-06-16 07:00:00,CUST-441,Electronics,4,261.36,EAST
TXN-10526,2025-09-18 04:00:00,CUST-126,furn.,7,147.88,WEST_REGION
TXN-10527,2024-11-07 20:00:00,CUST-412,Furniture,7,412.89,West
TXN-10528,2024-07-03 08:00:00,CUST-386,Appliances,1,378.9,North
TXN-10529,2023-05-20 07:00:00,CUST-233,Furniture,6,369.1,WEST_REGION
TXN-10530,2024-07-16 12:00:00,CUST-318,Electronics,9,439.33,north
TXN-10531,2025-05-02 06:00:00,CUST-267,Furniture,2,364.16,West
TXN-10532,2024-02-07 14:00:00,CUST-197,Appliances,3,123.6,south
TXN-10533,2024-12-07 20:00:00,CUST-367,Appliances,5,355.73,south
TXN-10534,2024-09-22 05:00:00,,furn.,9,160.77,north
TXN-10535,2025-09-01 12:00:00,CUST-408,Furniture,4,128.67,East
TXN-10536,2023-12-05 18:00:00,CUST-493,Electronics,1,45.77,south
TXN-10537,2025-03-24 19:00:00,,Appliances,4,374.57,North
TXN-10538,2025-05-09 17:00:00,,furn.,6,358.39,West
TXN-10539,2023-03-11 23:00:00,CUST-221,Electronics,5,124.9,WEST_REGION
TXN-10540,2023-05-27 02:00:00,CUST-145,Electronics,1,377.2,North
TXN-10541,2024-07-07 12:00:00,CUST-163,Electronics,4,459.74,East
TXN-10542,2023-10-30 05:00:00,,Electronics,6,62.93,North
TXN-10543,2025-03-08 00:00:00,,APPLIANCES,4,123.99,North
TXN-10544,2024-01-29 03:00:00,CUST-462,Elec.,9,377.63,South
TXN-10545,2025-06-17 20:00:00,CUST-292,Appliances,5,144.51,North
TXN-10546,2024-04-16 06:00:00,CUST-406,Furniture,8,316.09,north
TXN-10547,2024-07-08 00:00:00,CUST-280,Appliances,9,49.77,West
TXN-10548,2025-02-10 21:00:00,CUST-391,furn.,5,231.58,South
TXN-10549,2024-07-05 21:00:00,CUST-470,furn.,6,372.15,West
TXN-10550,2024-04-09 15:00:00,CUST-381,Appliances,1,346.39,West
TXN-10551,2024-03-11 17:00:00,CUST-128,APPLIANCES,7,409.39,East
TXN-10552,2025-08-16 09:00:00,CUST-248,Elec.,4,439.95,East
TXN-10553,2023-04-14 07:00:00,CUST-366,Appliances,2,388.86,South
TXN-10554,2025-08-10 20:00:00,CUST-395,Electronics,5,339.08,south
TXN-10555,2025-12-28 03:00:00,,Appliances,3,25.54,EAST
TXN-10556,2025-09-18 21:00:00,CUST-263,Elec.,6,272.13,East
TXN-10557,2023-07-05 12:00:00,,furn.,8,28.47,EAST
TXN-10558,2023-09-03 01:00:00,CUST-286,Elec.,7,405.95,East
TXN-10559,2025-08-18 09:00:00,CUST-394,APPLIANCES,3,167.16,East
TXN-10560,2024-08-09 05:00:00,CUST-331,Furniture,8,285.59,West
TXN-10561,2023-04-29 17:00:00,CUST-326,APPLIANCES,2,146.93,South
TXN-10562,2023-11-04 22:00:00,CUST-409,Elec.,9,393.43,West
TXN-10563,2025-08-28 09:00:00,CUST-197,Appliances,4,444.39,WEST_REGION
TXN-10564,2024-05-11 18:00:00,,Furniture,1,205.33,north
TXN-10565,2023-04-14 17:00:00,CUST-210,APPLIANCES,8,432.83,West
TXN-10566,2024-02-14 07:00:00,CUST-251,Electronics,7,140.87,EAST
TXN-10567,2024-01-19 15:00:00,,APPLIANCES,5,271.98,EAST
TXN-10568,2024-02-02 12:00:00,CUST-168,Electronics,5,430.79,north
TXN-10569,2024-11-12 20:00:00,CUST-411,Furniture,7,169.68,North
TXN-10570,2023-07-12 03:00:00,CUST-388,APPLIANCES,5,477.48,North
TXN-10571,2025-03-11 23:00:00,CUST-349,Electronics,8,69.72,north
TXN-10572,2025-11-03 23:00:00,,Electronics,6,18.95,north
TXN-10573,2023-09-02 22:00:00,CUST-338,Appliances,5,453.03,West
TXN-10574,2024-11-12 03:00:00,,APPLIANCES,9,43.64,north
TXN-10575,2025-11-27 07:00:00,CUST-326,Electronics,2,496.03,WEST_REGION
TXN-10576,2025-08-03 07:00:00,CUST-343,furn.,1,476.18,South
TXN-10577,2023-02-05 11:00:00,CUST-436,Electronics,8,77.14,North
TXN-10578,2025-01-22 23:00:00,CUST-464,furn.,3,273.42,North
TXN-10579,2023-10-12 17:00:00,CUST-300,furn.,7,100.61,WEST_REGION
TXN-10580,2024-05-12 10:00:00,,Appliances,8,219.8,south
TXN-10581,2023-04-12 03:00:00,,Furniture,6,40.1,WEST_REGION
TXN-10582,2025-12-25 08:00:00,CUST-300,Appliances,9,119.72,WEST_REGION
TXN-10583,2023-06-16 16:00:00,,Furniture,7,188.0,north
TXN-10584,2023-07-30 12:00:00,CUST-116,Electronics,5,224.94,East
TXN-10585,2023-04-25 02:00:00,CUST-228,Electronics,8,488.97,East
TXN-10586,2025-07-10 12:00:00,CUST-316,Electronics,2,405.85,WEST_REGION
TXN-10587,2023-08-13 11:00:00,CUST-160,Appliances,7,371.33,north
TXN-10588,2023-11-30 10:00:00,CUST-203,Electronics,4,273.15,South
TXN-10589,2023-08-19 16:00:00,CUST-141,Furniture,9,421.6,East
TXN-10590,2024-07-15 15:00:00,CUST-124,furn.,1,176.27,south
TXN-10591,2023-06-13 01:00:00,CUST-138,Appliances,7,357.36,EAST
TXN-10592,2024-12-28 02:00:00,,Furniture,6,496.95,north
TXN-10593,2025-10-01 11:00:00,CUST-230,Appliances,8,164.17,WEST_REGION
TXN-10594,2025-05-15 04:00:00,CUST-328,APPLIANCES,5,340.27,South
TXN-10595,2024-03-19 04:00:00,CUST-207,furn.,1,423.71,South
TXN-10596,2025-05-03 19:00:00,CUST-271,APPLIANCES,1,458.75,West
TXN-10597,2023-08-27 14:00:00,CUST-201,furn.,9,361.79,South
TXN-10598,2023-05-21 13:00:00,CUST-453,Electronics,6,148.97,East
TXN-10599,2024-05-21 17:00:00,CUST-111,APPLIANCES,5,169.88,WEST_REGION
TXN-10600,2025-11-21 09:00:00,CUST-374,Elec.,1,20.17,EAST
TXN-10601,2023-03-28 18:00:00,CUST-200,Electronics,6,382.83,East
TXN-10602,2025-11-22 07:00:00,CUST-143,furn.,6,30.94,north
TXN-10603,2025-08-21 20:00:00,CUST-404,Electronics,3,433.68,EAST
TXN-10604,2024-11-09 09:00:00,CUST-116,Furniture,8,68.14,north
TXN-10605,2024-09-29 17:00:00,,Electronics,1,94.22,South
TXN-10606,2024-02-14 01:00:00,CUST-156,Appliances,1,243.5,south
TXN-10607,2024-04-14 05:00:00,CUST-410,Elec.,6,371.56,North
TXN-10608,2023-01-18 09:00:00,CUST-402,Furniture,1,78.11,EAST
TXN-10609,2025-10-25 18:00:00,CUST-111,Appliances,6,225.63,WEST_REGION
TXN-10610,2024-01-03 00:00:00,CUST-417,Appliances,1,246.6,West
TXN-10611,2025-04-28 06:00:00,,APPLIANCES,6,114.02,North
TXN-10612,2023-05-17 03:00:00,CUST-315,Electronics,3,66.62,South
TXN-10613,2024-12-18 01:00:00,,Appliances,8,419.85,South
TXN-10614,2025-09-29 04:00:00,CUST-363,furn.,6,256.21,WEST_REGION
TXN-10615,2023-08-28 09:00:00,CUST-248,APPLIANCES,1,17.05,North
TXN-10616,2025-12-23 04:00:00,CUST-180,Appliances,5,403.46,West
TXN-10617,2024-04-17 10:00:00,CUST-314,Elec.,8,490.59,EAST
TXN-10618,2023-01-18 04:00:00,CUST-473,APPLIANCES,3,306.9,EAST
TXN-10619,2023-11-11 07:00:00,CUST-297,APPLIANCES,6,256.82,North
TXN-10620,2023-11-13 03:00:00,CUST-299,Furniture,5,440.42,north
TXN-10621,2023-01-31 08:00:00,CUST-124,Electronics,6,476.73,East
TXN-10622,2025-09-08 04:00:00,,Electronics,1,379.72,south
TXN-10623,2025-11-18 03:00:00,CUST-367,Electronics,7,228.27,north
TXN-10624,2024-04-30 17:00:00,,Furniture,9,300.19,EAST
TXN-10625,2023-09-07 12:00:00,CUST-158,Electronics,2,353.46,East
TXN-10626,2025-02-26 00:00:00,CUST-464,Furniture,5,105.19,south
TXN-10627,2023-05-04 15:00:00,CUST-125,Appliances,4,229.13,south
TXN-10628,2024-08-28 07:00:00,CUST-146,Electronics,6,416.61,south
TXN-10629,2025-03-09 18:00:00,CUST-387,APPLIANCES,6,330.82,South
TXN-10630,2024-10-30 16:00:00,CUST-365,Appliances,2,211.49,WEST_REGION
TXN-10631,2024-12-30 10:00:00,CUST-115,Electronics,2,335.05,south
TXN-10632,2025-05-02 15:00:00,CUST-298,APPLIANCES,4,67.93,West
TXN-10633,2025-01-18 03:00:00,CUST-381,Electronics,1,206.73,North
TXN-10634,2023-07-31 09:00:00,CUST-185,Elec.,9,398.63,EAST
TXN-10635,2023-08-01 16:00:00,CUST-349,Elec.,7,118.05,West
TXN-10636,2023-03-31 07:00:00,CUST-490,Appliances,7,101.12,North
TXN-10637,2025-12-30 07:00:00,CUST-369,APPLIANCES,3,475.9,north
TXN-10638,2025-08-24 06:00:00,CUST-434,Furniture,3,112.85,WEST_REGION
TXN-10639,2023-11-03 13:00:00,CUST-216,Appliances,1,137.85,north
TXN-10640,2024-05-16 19:00:00,CUST-106,Electronics,3,485.11,North
TXN-10641,2023-05-24 08:00:00,CUST-236,Electronics,3,370.01,West
TXN-10642,2025-04-19 14:00:00,CUST-470,furn.,4,352.8,North
TXN-10643,2023-08-24 04:00:00,CUST-275,Appliances,4,427.93,south
TXN-10644,2024-03-14 06:00:00,CUST-427,Furniture,3,66.75,South
TXN-10645,2024-08-29 08:00:00,CUST-414,Furniture,8,355.92,EAST
TXN-10646,2023-05-02 10:00:00,CUST-314,Furniture,8,256.81,north
TXN-10647,2025-06-08 16:00:00,CUST-181,Electronics,1,416.28,EAST
TXN-10648,2025-07-18 05:00:00,,Appliances,7,258.99,South
TXN-10649,2024-07-20 00:00:00,CUST-471,Elec.,2,313.92,south
TXN-10650,2024-05-21 00:00:00,CUST-202,Electronics,1,244.09,south
TXN-10651,2024-08-22 21:00:00,CUST-372,Electronics,3,244.3,north
TXN-10652,2024-01-02 03:00:00,CUST-113,Electronics,4,386.31,north
TXN-10653,2024-08-14 07:00:00,CUST-258,Appliances,6,318.0,south
TXN-10654,2023-01-31 08:00:00,CUST-251,APPLIANCES,5,320.3,East
TXN-10655,2025-01-09 13:00:00,CUST-207,Electronics,4,230.64,EAST
TXN-10656,2025-05-19 20:00:00,,Electronics,8,270.24,WEST_REGION
TXN-10657,2023-01-30 02:00:00,CUST-400,Appliances,4,375.4,South
TXN-10658,2023-10-27 10:00:00,CUST-197,Elec.,2,414.71,EAST
TXN-10659,2024-08-27 16:00:00,CUST-230,Furniture,3,351.32,South
TXN-10660,2024-08-03 03:00:00,CUST-392,Appliances,6,462.8,East
TXN-10661,2024-11-30 03:00:00,,Elec.,8,411.96,WEST_REGION
TXN-10662,2023-11-05 08:00:00,CUST-282,Furniture,8,285.31,West
TXN-10663,2025-10-16 10:00:00,,APPLIANCES,9,338.99,South
TXN-10664,2023-06-23 19:00:00,CUST-138,APPLIANCES,7,463.89,EAST
TXN-10665,2023-07-01 16:00:00,,Electronics,2,313.39,North
TXN-10666,2023-04-15 06:00:00,CUST-475,Electronics,8,414.16,WEST_REGION
TXN-10667,2024-12-13 13:00:00,CUST-103,Electronics,7,347.52,south
TXN-10668,2025-03-09 14:00:00,CUST-448,Appliances,8,-280.45,south
TXN-10669,2025-06-07 18:00:00,CUST-496,furn.,3,128.5,East
TXN-10670,2023-08-17 14:00:00,CUST-309,Appliances,7,218.74,South
TXN-10671,2023-12-14 07:00:00,CUST-260,Electronics,9,484.19,West
TXN-10672,2025-06-09 04:00:00,CUST-115,Elec.,3,332.31,South
TXN-10673,2025-09-12 10:00:00,,Furniture,6,286.55,south
TXN-10674,2023-07-07 03:00:00,CUST-481,Electronics,2,467.15,north
TXN-10675,2025-09-09 08:00:00,CUST-410,Appliances,2,297.39,North
TXN-10676,2024-04-08 18:00:00,,Appliances,5,267.78,WEST_REGION
TXN-10677,2025-07-04 12:00:00,CUST-269,Elec.,5,382.06,East
TXN-10678,2023-11-15 19:00:00,CUST-133,Electronics,7,359.21,north
TXN-10679,2025-04-14 04:00:00,CUST-350,Electronics,2,104.65,EAST
TXN-10680,2023-02-18 15:00:00,,Furniture,7,240.94,West
TXN-10681,2023-02-14 06:00:00,CUST-368,Electronics,5,241.53,north
TXN-10682,2025-02-11 12:00:00,CUST-240,Furniture,6,195.33,EAST
TXN-10683,2025-10-07 04:00:00,CUST-373,Appliances,8,263.47,north
TXN-10684,2025-06-16 17:00:00,CUST-195,Appliances,4,212.42,West
TXN-10685,2025-06-22 17:00:00,CUST-326,furn.,7,107.68,WEST_REGION
TXN-10686,2024-04-10 14:00:00,CUST-478,Furniture,6,212.06,north
TXN-10687,2025-08-13 05:00:00,CUST-138,Electronics,2,45.42,East
TXN-10688,2023-07-17 01:00:00,CUST-401,Furniture,8,292.14,south
TXN-10689,2024-01-25 12:00:00,CUST-128,Elec.,9,-428.29,South
TXN-10690,2025-09-15 02:00:00,CUST-417,Elec.,5,365.39,north
TXN-10691,2023-08-11 06:00:00,,Electronics,4,186.59,East
TXN-10692,2024-01-07 20:00:00,CUST-335,furn.,6,52.66,South
TXN-10693,2023-06-30 10:00:00,CUST-284,Appliances,8,109.05,WEST_REGION
TXN-10694,2025-10-13 10:00:00,CUST-371,Electronics,3,277.29,EAST
TXN-10695,2023-10-11 09:00:00,,Electronics,1,111.46,South
TXN-10696,2023-07-21 22:00:00,CUST-338,Electronics,4,276.55,EAST
TXN-10697,2023-10-08 11:00:00,CUST-476,APPLIANCES,4,123.48,north
TXN-10698,2024-10-02 08:00:00,CUST-365,Electronics,1,425.97,East
TXN-10699,2025-09-11 09:00:00,CUST-458,Electronics,9,204.66,south
TXN-10700,2024-12-23 09:00:00,CUST-439,APPLIANCES,3,130.32,north
TXN-10701,2023-04-16 19:00:00,CUST-488,Appliances,5,408.04,EAST
TXN-10702,2023-10-22 00:00:00,CUST-164,Electronics,6,177.99,West
TXN-10703,2024-04-24 20:00:00,CUST-276,Electronics,8,64.63,South
TXN-10704,2024-04-23 21:00:00,CUST-102,Electronics,6,289.5,north
TXN-10705,2023-03-06 06:00:00,CUST-241,Electronics,3,294.97,EAST
TXN-10706,2025-06-22 05:00:00,CUST-475,Furniture,6,360.2,WEST_REGION
TXN-10707,2024-08-04 20:00:00,CUST-257,Electronics,1,127.71,South
TXN-10708,2025-01-02 07:00:00,CUST-423,Electronics,4,227.45,WEST_REGION
TXN-10709,2023-09-21 01:00:00,CUST-245,Elec.,6,148.36,EAST
TXN-10710,2025-08-29 18:00:00,CUST-392,Furniture,7,49.67,East
TXN-10711,2025-03-05 09:00:00,CUST-252,Appliances,3,439.54,North
TXN-10712,2025-12-10 17:00:00,CUST-292,Furniture,9,367.15,WEST_REGION
TXN-10713,2025-01-16 20:00:00,CUST-172,Appliances,7,157.72,north
TXN-10714,2025-07-28 20:00:00,CUST-498,Appliances,1,303.69,south
TXN-10715,2025-07-02 13:00:00,CUST-404,Furniture,2,108.62,north
TXN-10716,2024-07-29 07:00:00,CUST-476,Appliances,1,446.22,South
TXN-10717,2024-02-04 04:00:00,CUST-443,furn.,9,66.3,East
TXN-10718,2025-01-09 13:00:00,CUST-239,Electronics,9,11.88,EAST
TXN-10719,2023-12-29 03:00:00,,Elec.,7,255.98,West
TXN-10720,2025-12-30 00:00:00,CUST-392,Electronics,3,295.73,south
TXN-10721,2025-11-11 06:00:00,CUST-160,Elec.,5,293.69,East
TXN-10722,2023-11-09 06:00:00,CUST-479,Furniture,4,36.71,WEST_REGION
TXN-10723,2023-06-29 16:00:00,CUST-297,APPLIANCES,7,163.88,WEST_REGION
TXN-10724,2023-02-25 04:00:00,CUST-394,Electronics,9,254.61,north
TXN-10725,2025-12-08 03:00:00,CUST-418,Furniture,2,-116.12,West
TXN-10726,2023-05-11 21:00:00,CUST-401,Furniture,8,437.59,East
TXN-10727,2025-09-18 19:00:00,CUST-443,Elec.,9,52.68,North
TXN-10728,2025-04-07 22:00:00,CUST-110,Furniture,9,248.82,south
TXN-10729,2023-03-17 10:00:00,,Furniture,7,348.79,South
TXN-10730,2023-10-02 12:00:00,CUST-432,Appliances,9,-138.26,East
TXN-10731,2025-03-15 11:00:00,CUST-325,Appliances,9,315.88,East
TXN-10732,2023-08-09 21:00:00,CUST-252,Appliances,3,416.4,North
TXN-10733,2025-05-07 02:00:00,,Electronics,4,103.27,north
TXN-10734,2025-11-19 17:00:00,,furn.,2,459.44,EAST
TXN-10735,2025-07-20 17:00:00,CUST-359,Elec.,3,281.24,EAST
TXN-10736,2024-10-07 05:00:00,,furn.,5,156.62,south
TXN-10737,2024-05-03 02:00:00,CUST-171,Electronics,5,221.12,south
TXN-10738,2025-05-10 12:00:00,CUST-247,APPLIANCES,6,162.97,South
TXN-10739,2023-07-17 20:00:00,CUST-448,APPLIANCES,7,365.3,East
TXN-10740,2025-06-03 17:00:00,,Furniture,7,400.19,West
TXN-10741,2024-01-29 03:00:00,CUST-409,Furniture,1,418.14,East
TXN-10742,2023-06-04 13:00:00,,Appliances,2,493.03,EAST
TXN-10743,2025-12-05 01:00:00,,APPLIANCES,9,397.73,South
TXN-10744,2025-08-16 11:00:00,CUST-465,Furniture,2,304.68,East
TXN-10745,2025-11-08 23:00:00,CUST-429,Electronics,6,176.22,North
TXN-10746,2024-06-30 12:00:00,CUST-206,Appliances,1,276.85,EAST
TXN-10747,2025-11-27 06:00:00,CUST-325,furn.,3,30.12,East
TXN-10748,2024-02-04 00:00:00,CUST-412,APPLIANCES,2,374.96,East
TXN-10749,2024-02-27 22:00:00,CUST-317,furn.,3,228.52,EAST
TXN-10750,2025-03-21 16:00:00,CUST-340,Furniture,5,19.81,West
TXN-10751,2023-09-30 02:00:00,CUST-358,Electronics,6,40.63,EAST
TXN-10752,2024-02-29 12:00:00,CUST-475,Electronics,9,199.86,North
TXN-10753,2024-09-03 19:00:00,CUST-361,Electronics,4,295.88,North
TXN-10754,2023-01-22 00:00:00,,Electronics,7,237.46,East
TXN-10755,2023-02-20 14:00:00,CUST-360,Appliances,6,313.41,south
TXN-10756,2023-03-05 19:00:00,CUST-153,Electronics,2,245.34,West
TXN-10757,2025-09-25 08:00:00,CUST-146,Appliances,8,334.23,East
TXN-10758,2023-02-04 07:00:00,CUST-314,furn.,7,117.37,EAST
TXN-10759,2024-12-22 08:00:00,CUST-276,Appliances,7,65.29,East
TXN-10760,2023-07-29 13:00:00,,APPLIANCES,8,302.25,South
TXN-10761,2024-07-13 12:00:00,CUST-198,Furniture,1,247.5,South
TXN-10762,2024-11-19 05:00:00,CUST-119,Electronics,1,23.17,south
TXN-10763,2023-03-29 17:00:00,CUST-477,Appliances,8,196.44,West
TXN-10764,2023-06-01 03:00:00,,Electronics,4,62.0,north
TXN-10765,2024-06-24 12:00:00,CUST-160,Appliances,5,270.36,WEST_REGION
TXN-10766,2025-08-03 20:00:00,CUST-478,Furniture,8,203.93,South
TXN-10767,2023-03-19 04:00:00,CUST-277,Electronics,5,310.44,north
TXN-10768,2023-07-24 14:00:00,CUST-437,Electronics,4,404.75,North
TXN-10769,2025-05-06 15:00:00,CUST-161,Appliances,6,156.84,South
TXN-10770,2024-04-03 11:00:00,CUST-244,furn.,5,481.43,South
TXN-10771,2025-06-24 12:00:00,CUST-315,Elec.,7,272.46,West
TXN-10772,2025-12-12 02:00:00,CUST-102,Elec.,7,312.96,south
TXN-10773,2024-07-30 19:00:00,CUST-259,Electronics,4,343.53,north
TXN-10774,2024-05-02 16:00:00,CUST-326,Elec.,5,-336.7,EAST
TXN-10775,2024-10-18 17:00:00,CUST-368,Elec.,3,260.38,South
TXN-10776,2023-09-15 22:00:00,CUST-219,Furniture,4,220.09,South
TXN-10777,2025-01-05 00:00:00,CUST-480,furn.,4,36.35,West
TXN-10778,2025-04-03 08:00:00,CUST-188,Appliances,3,20.82,West
TXN-10779,2023-08-24 05:00:00,CUST-428,furn.,5,185.4,south
TXN-10780,2025-04-07 22:00:00,,furn.,5,173.49,north
TXN-10781,2025-04-12 00:00:00,CUST-497,Electronics,7,199.97,North
TXN-10782,2024-02-04 12:00:00,CUST-456,Appliances,4,77.8,EAST
TXN-10783,2024-05-07 21:00:00,,furn.,4,371.7,south
TXN-10784,2023-12-02 13:00:00,CUST-366,Electronics,9,429.91,WEST_REGION
TXN-10785,2023-05-19 18:00:00,CUST-204,Furniture,6,469.97,North
TXN-10786,2025-03-06 07:00:00,CUST-422,furn.,4,251.26,East
TXN-10787,2023-12-27 22:00:00,CUST-222,Furniture,2,353.42,South
TXN-10788,2025-10-18 00:00:00,CUST-128,Electronics,6,429.22,north
TXN-10789,2023-10-24 10:00:00,CUST-236,Furniture,2,214.96,south
TXN-10790,2024-07-09 03:00:00,CUST-294,Electronics,5,161.61,South
TXN-10791,2023-02-26 09:00:00,CUST-325,Furniture,6,469.0,north
TXN-10792,2024-04-02 07:00:00,CUST-431,Electronics,4,262.68,north
TXN-10793,2024-04-04 07:00:00,CUST-269,Furniture,3,253.65,north
TXN-10794,2025-06-12 15:00:00,CUST-108,Furniture,7,97.42,South
TXN-10795,2025-11-04 21:00:00,CUST-139,Elec.,2,63.0,south
TXN-10796,2025-09-25 07:00:00,CUST-124,Furniture,6,422.63,EAST
TXN-10797,2023-01-28 19:00:00,CUST-360,Furniture,4,310.93,West
TXN-10798,2025-05-18 20:00:00,CUST-494,Furniture,6,169.65,South
TXN-10799,2024-01-25 01:00:00,,Electronics,4,103.95,WEST_REGION
TXN-10800,2024-07-23 03:00:00,CUST-223,Furniture,4,282.19,north
TXN-10801,2025-08-24 19:00:00,CUST-137,Electronics,4,296.12,south
TXN-10802,2023-06-04 23:00:00,CUST-427,furn.,9,111.43,EAST
TXN-10803,2025-03-08 01:00:00,CUST-350,Electronics,7,427.19,East
TXN-10804,2023-11-08 19:00:00,CUST-488,Appliances,3,51.29,WEST_REGION
TXN-10805,2023-01-23 11:00:00,,Furniture,3,184.49,North
TXN-10806,2023-07-26 20:00:00,CUST-189,Appliances,6,343.39,WEST_REGION
TXN-10807,2023-07-21 11:00:00,CUST-136,Electronics,6,144.32,north
TXN-10808,2025-04-19 23:00:00,CUST-415,Furniture,4,415.56,East
TXN-10809,2023-09-09 18:00:00,CUST-275,Furniture,9,372.54,West
TXN-10810,2024-09-10 05:00:00,CUST-383,Elec.,4,396.62,EAST
TXN-10811,2025-09-05 14:00:00,CUST-180,Appliances,9,68.36,EAST
TXN-10812,2023-11-01 16:00:00,CUST-213,Furniture,4,78.87,north
TXN-10813,2023-08-10 16:00:00,CUST-139,Appliances,2,150.37,WEST_REGION
TXN-10814,2024-07-04 16:00:00,CUST-400,Furniture,2,263.86,WEST_REGION
TXN-10815,2025-07-27 04:00:00,,Furniture,5,376.53,EAST
TXN-10816,2025-10-08 11:00:00,,Furniture,4,419.9,East
TXN-10817,2023-04-26 19:00:00,CUST-448,Electronics,7,355.12,north
TXN-10818,2024-12-22 04:00:00,CUST-214,Electronics,5,465.01,South
TXN-10819,2023-03-07 21:00:00,CUST-285,Electronics,6,371.98,south
TXN-10820,2025-10-01 02:00:00,CUST-422,Electronics,4,160.07,East
TXN-10821,2025-04-01 04:00:00,CUST-155,Appliances,2,139.89,south
TXN-10822,2024-06-12 05:00:00,CUST-139,Furniture,9,351.13,South
TXN-10823,2023-08-27 01:00:00,CUST-453,Electronics,7,104.51,South
TXN-10824,2025-09-02 10:00:00,CUST-139,furn.,4,55.43,south
TXN-10825,2024-11-24 07:00:00,,Electronics,3,270.79,East
TXN-10826,2023-07-20 04:00:00,CUST-336,Elec.,3,412.6,south
TXN-10827,2025-01-29 06:00:00,CUST-388,Furniture,9,59.68,south
TXN-10828,2024-02-27 08:00:00,CUST-361,Appliances,5,398.03,North
TXN-10829,2023-01-01 09:00:00,CUST-315,Electronics,3,407.67,East
TXN-10830,2025-03-13 07:00:00,CUST-246,Furniture,5,246.31,WEST_REGION
TXN-10831,2025-11-23 05:00:00,CUST-435,Appliances,2,38.08,WEST_REGION
TXN-10832,2025-09-18 09:00:00,CUST-267,furn.,4,95.55,North
TXN-10833,2025-09-18 18:00:00,,Furniture,2,356.64,north
TXN-10834,2023-08-02 12:00:00,CUST-452,furn.,2,358.77,EAST
TXN-10835,2023-02-12 07:00:00,CUST-158,Electronics,8,450.19,WEST_REGION
TXN-10836,2023-04-02 09:00:00,CUST-158,Elec.,1,295.52,south
TXN-10837,2023-12-17 15:00:00,,Furniture,7,70.81,north
TXN-10838,2024-07-18 14:00:00,CUST-268,Elec.,5,69.49,WEST_REGION
TXN-10839,2024-08-27 16:00:00,CUST-368,Electronics,8,363.35,East
TXN-10840,2025-09-20 01:00:00,CUST-462,Furniture,1,100.05,south
TXN-10841,2023-06-23 06:00:00,CUST-144,Appliances,7,170.91,EAST
TXN-10842,2025-04-26 05:00:00,CUST-444,Elec.,5,248.73,north
TXN-10843,2023-10-18 10:00:00,CUST-280,Appliances,4,22.13,WEST_REGION
TXN-10844,2023-10-17 02:00:00,CUST-269,APPLIANCES,7,131.92,WEST_REGION
TXN-10845,2025-06-01 00:00:00,CUST-455,Electronics,2,209.87,West
TXN-10846,2024-07-27 20:00:00,CUST-290,APPLIANCES,1,147.02,WEST_REGION
TXN-10847,2025-04-29 08:00:00,CUST-254,APPLIANCES,1,76.82,South
TXN-10848,2025-01-20 17:00:00,CUST-287,APPLIANCES,1,366.73,south
TXN-10849,2024-03-07 00:00:00,CUST-106,Furniture,5,408.44,EAST
TXN-10850,2023-10-30 18:00:00,CUST-232,Appliances,7,136.16,South
TXN-10851,2023-12-29 14:00:00,CUST-334,furn.,2,389.47,North
TXN-10852,2023-01-17 00:00:00,CUST-144,Electronics,8,198.92,north
TXN-10853,2023-01-17 20:00:00,CUST-413,Furniture,4,258.28,WEST_REGION
TXN-10854,2023-12-07 15:00:00,CUST-348,Furniture,3,429.44,North
TXN-10855,2024-09-23 14:00:00,,Elec.,8,377.48,EAST
TXN-10856,2024-06-15 19:00:00,CUST-122,Electronics,2,404.51,south
TXN-10857,2025-02-05 00:00:00,CUST-493,Furniture,3,77.05,South
TXN-10858,2024-02-15 20:00:00,CUST-259,APPLIANCES,3,44.16,South
TXN-10859,2023-09-07 13:00:00,CUST-462,Electronics,1,447.77,north
TXN-10860,2024-09-21 10:00:00,CUST-257,furn.,6,200.04,south
TXN-10861,2025-01-13 12:00:00,CUST-138,Electronics,2,151.06,WEST_REGION
TXN-10862,2025-09-09 06:00:00,CUST-181,Appliances,1,365.1,West
TXN-10863,2025-09-07 04:00:00,,Electronics,2,-419.84,West
TXN-10864,2023-06-01 12:00:00,CUST-357,Electronics,6,432.62,north
TXN-10865,2024-03-30 20:00:00,CUST-305,furn.,4,164.84,south
TXN-10866,2023-07-20 09:00:00,CUST-176,Appliances,6,427.58,north
TXN-10867,2025-05-06 18:00:00,CUST-111,Appliances,9,30.06,south
TXN-10868,2024-07-14 16:00:00,,Electronics,8,34.33,EAST
TXN-10869,2024-10-05 12:00:00,CUST-323,Furniture,1,315.52,EAST
TXN-10870,2025-09-11 13:00:00,CUST-112,Furniture,8,40.92,North
TXN-10871,2025-08-15 16:00:00,CUST-145,Appliances,9,169.06,WEST_REGION
TXN-10872,2023-09-07 21:00:00,CUST-254,Appliances,6,339.65,north
TXN-10873,2023-03-27 08:00:00,CUST-212,APPLIANCES,5,175.26,WEST_REGION
TXN-10874,2024-05-29 02:00:00,,Appliances,6,98.0,south
TXN-10875,2025-05-31 20:00:00,CUST-116,Appliances,6,147.86,West
TXN-10876,2024-12-13 12:00:00,,Electronics,9,234.21,WEST_REGION
TXN-10877,2025-10-10 11:00:00,,Elec.,4,242.94,south
TXN-10878,2025-07-03 13:00:00,CUST-453,Appliances,2,393.67,EAST
TXN-10879,2023-07-09 08:00:00,CUST-287,Furniture,9,377.58,south
TXN-10880,2023-07-27 08:00:00,CUST-443,Electronics,2,233.84,north
TXN-10881,2024-06-16 07:00:00,CUST-464,furn.,9,424.38,North
TXN-10882,2024-02-22 07:00:00,CUST-262,Electronics,2,65.98,North
TXN-10883,2023-05-23 11:00:00,CUST-425,Elec.,8,135.12,North
TXN-10884,2024-08-24 06:00:00,CUST-173,Appliances,9,415.71,North
TXN-10885,2023-10-29 15:00:00,,Electronics,9,195.22,EAST
TXN-10886,2025-12-25 14:00:00,CUST-323,Elec.,9,490.78,East
TXN-10887,2024-08-26 17:00:00,CUST-418,Appliances,2,238.46,WEST_REGION
TXN-10888,2024-11-24 01:00:00,CUST-159,APPLIANCES,4,398.05,north
TXN-10889,2025-11-18 01:00:00,CUST-434,furn.,7,207.13,South
TXN-10890,2024-03-07 13:00:00,CUST-321,APPLIANCES,2,218.23,north
TXN-10891,2024-12-15 18:00:00,CUST-136,Electronics,1,197.61,East
TXN-10892,2023-07-01 19:00:00,CUST-377,Elec.,3,362.35,North
TXN-10893,2024-02-29 00:00:00,CUST-295,Appliances,4,278.28,East
TXN-10894,2024-12-28 13:00:00,CUST-451,APPLIANCES,8,472.45,West
TXN-10895,2023-12-18 03:00:00,CUST-341,Furniture,6,132.94,West
TXN-10896,2023-12-24 12:00:00,,APPLIANCES,2,59.28,WEST_REGION
TXN-10897,2025-10-08 21:00:00,,Appliances,9,-202.7,EAST
TXN-10898,2023-07-22 10:00:00,CUST-291,Furniture,2,312.19,north
TXN-10899,2024-02-23 08:00:00,CUST-116,Electronics,5,431.79,north
TXN-10900,2025-08-13 08:00:00,CUST-111,Elec.,4,179.64,South
TXN-10901,2025-05-29 07:00:00,CUST-493,Appliances,7,330.36,EAST
TXN-10902,2025-03-10 22:00:00,CUST-473,Furniture,8,181.6,South
TXN-10903,2025-04-03 06:00:00,CUST-292,Elec.,5,312.44,West
TXN-10904,2024-09-27 14:00:00,CUST-121,Furniture,5,443.56,North
TXN-10905,2024-04-22 22:00:00,CUST-219,Electronics,2,123.37,East
TXN-10906,2023-02-22 04:00:00,CUST-309,Furniture,8,208.08,South
TXN-10907,2023-10-19 12:00:00,CUST-405,Appliances,2,496.7,south
TXN-10908,2024-05-22 05:00:00,CUST-369,Appliances,6,435.59,South
TXN-10909,2023-07-14 17:00:00,CUST-291,Electronics,8,286.67,North
TXN-10910,2025-05-21 10:00:00,,Electronics,6,263.15,North
TXN-10911,2024-10-19 13:00:00,CUST-384,Electronics,4,149.45,north
TXN-10912,2024-06-27 19:00:00,,Elec.,4,263.43,East
TXN-10913,2023-10-14 17:00:00,CUST-263,Electronics,6,425.61,North
TXN-10914,2023-10-17 13:00:00,,Appliances,4,345.74,EAST
TXN-10915,2024-02-01 17:00:00,CUST-326,furn.,8,152.12,South
TXN-10916,2025-07-31 17:00:00,CUST-480,Electronics,9,108.72,South
TXN-10917,2023-12-01 01:00:00,CUST-106,Furniture,1,139.95,West
TXN-10918,2023-10-17 05:00:00,CUST-128,Elec.,4,93.18,North
TXN-10919,2025-12-16 14:00:00,,furn.,4,56.86,south
TXN-10920,2025-09-01 10:00:00,,Elec.,2,215.38,north
TXN-10921,2024-03-01 09:00:00,CUST-233,Elec.,6,65.52,East
TXN-10922,2025-01-08 03:00:00,CUST-466,APPLIANCES,3,94.24,south
TXN-10923,2025-05-10 05:00:00,CUST-178,Appliances,7,278.19,north
TXN-10924,2025-09-28 08:00:00,CUST-157,APPLIANCES,5,90.65,South
TXN-10925,2024-02-02 22:00:00,,Electronics,4,41.3,south
TXN-10926,2025-06-14 19:00:00,CUST-325,furn.,5,165.52,north
TXN-10927,2023-07-13 05:00:00,CUST-384,Appliances,8,117.96,South
TXN-10928,2023-07-22 06:00:00,CUST-103,Furniture,3,262.5,South
TXN-10929,2025-03-26 01:00:00,CUST-198,Electronics,7,60.16,South
TXN-10930,2025-10-01 18:00:00,CUST-496,Elec.,6,378.37,South
TXN-10931,2024-03-06 00:00:00,CUST-138,Electronics,1,454.05,EAST
TXN-10932,2025-02-12 12:00:00,,APPLIANCES,7,374.28,South
TXN-10933,2023-07-23 20:00:00,CUST-474,APPLIANCES,7,271.09,West
TXN-10934,2023-10-21 11:00:00,CUST-384,Electronics,1,431.73,south
TXN-10935,2024-11-19 09:00:00,CUST-256,APPLIANCES,9,350.51,north
TXN-10936,2025-08-04 07:00:00,,Elec.,6,15.17,West
TXN-10937,2025-04-07 08:00:00,CUST-471,Furniture,2,203.1,EAST
TXN-10938,2025-06-28 17:00:00,CUST-387,Appliances,5,426.97,WEST_REGION
TXN-10939,2025-03-11 16:00:00,CUST-229,Electronics,4,179.47,WEST_REGION
TXN-10940,2025-04-11 19:00:00,CUST-274,Electronics,7,27.26,West
TXN-10941,2025-07-20 11:00:00,CUST-183,Appliances,8,375.63,North
TXN-10942,2023-06-23 12:00:00,,furn.,1,403.0,North
TXN-10943,2023-11-27 21:00:00,CUST-126,Electronics,5,88.69,North
TXN-10944,2024-08-22 12:00:00,CUST-294,APPLIANCES,3,273.3,East
TXN-10945,2023-08-21 01:00:00,CUST-436,Appliances,1,104.06,North
TXN-10946,2023-06-29 04:00:00,,Furniture,3,362.42,north
TXN-10947,2023-09-19 05:00:00,CUST-335,Elec.,6,143.06,West
TXN-10948,2023-06-09 02:00:00,,APPLIANCES,7,164.95,north
TXN-10949,2024-05-15 15:00:00,CUST-120,Appliances,8,424.04,south
TXN-10000,2024-05-24 18:00:00,,Appliances,4,243.4,North
TXN-10001,2025-02-01 02:00:00,CUST-456,Appliances,3,338.18,EAST
TXN-10002,2023-09-18 14:00:00,CUST-183,Electronics,5,207.16,East
TXN-10003,2024-12-15 08:00:00,CUST-361,Electronics,9,156.02,south
TXN-10004,2025-10-05 22:00:00,CUST-246,Appliances,6,316.48,EAST
TXN-10005,2023-11-03 06:00:00,CUST-486,Appliances,9,85.88,East
TXN-10006,2024-09-24 15:00:00,CUST-356,Elec.,6,192.77,WEST_REGION
TXN-10007,2023-09-17 22:00:00,CUST-157,Appliances,2,112.43,south
TXN-10008,2023-09-11 18:00:00,CUST-479,Appliances,5,350.94,WEST_REGION
TXN-10009,2024-04-29 21:00:00,CUST-114,Appliances,9,472.66,West
TXN-10010,2025-07-22 23:00:00,CUST-261,Elec.,8,497.8,north
TXN-10011,2025-09-29 23:00:00,CUST-262,APPLIANCES,7,230.64,South
TXN-10012,2025-11-27 11:00:00,CUST-419,Furniture,1,133.74,north
TXN-10013,2024-06-10 23:00:00,CUST-380,Elec.,4,226.99,North
TXN-10014,2024-02-17 23:00:00,,Electronics,7,425.16,WEST_REGION
TXN-10015,2023-12-20 00:00:00,,Furniture,7,110.94,EAST
TXN-10016,2025-01-31 07:00:00,CUST-373,Appliances,6,476.53,South
TXN-10017,2023-05-17 02:00:00,,Appliances,8,177.51,East
TXN-10018,2023-01-28 18:00:00,CUST-307,Elec.,6,493.04,WEST_REGION
TXN-10019,2023-06-24 12:00:00,CUST-126,APPLIANCES,3,420.92,West
TXN-10020,2024-12-11 15:00:00,CUST-171,Electronics,4,406.2,West
TXN-10021,2024-02-28 09:00:00,,Furniture,3,165.77,WEST_REGION
TXN-10022,2025-08-23 01:00:00,CUST-244,Furniture,1,14.3,WEST_REGION
TXN-10023,2024-04-16 10:00:00,CUST-192,Electronics,5,197.25,WEST_REGION
TXN-10024,2025-09-25 02:00:00,CUST-408,Electronics,1,157.89,East
TXN-10025,2025-10-11 04:00:00,,Appliances,1,28.32,North
TXN-10026,2025-06-15 04:00:00,CUST-178,Electronics,2,257.63,East
TXN-10027,2025-07-04 09:00:00,CUST-126,Electronics,4,207.49,south
TXN-10028,2024-06-21 03:00:00,CUST-273,Electronics,6,320.93,EAST
TXN-10029,2023-07-19 01:00:00,CUST-149,Appliances,8,314.38,WEST_REGION
TXN-10030,2023-06-12 12:00:00,CUST-298,Elec.,3,69.17,EAST
TXN-10031,2025-08-18 21:00:00,CUST-486,Furniture,1,488.71,North
TXN-10032,2024-07-25 12:00:00,CUST-448,furn.,3,101.6,South
TXN-10033,2023-10-18 21:00:00,CUST-280,Appliances,3,228.18,East
TXN-10034,2023-09-23 16:00:00,CUST-123,Elec.,5,249.18,North
TXN-10035,2024-12-05 11:00:00,CUST-415,APPLIANCES,4,408.4,EAST
TXN-10036,2025-02-21 09:00:00,CUST-477,Furniture,4,58.62,South
TXN-10037,2025-03-01 17:00:00,CUST-486,Appliances,9,220.04,East
TXN-10038,2024-02-28 08:00:00,CUST-145,Elec.,7,317.97,West
TXN-10039,2024-08-11 12:00:00,CUST-114,Electronics,4,115.43,East
TXN-10040,2024-11-09 10:00:00,CUST-252,Appliances,3,317.46,north
TXN-10041,2025-09-11 08:00:00,CUST-321,Furniture,6,462.6,East
TXN-10042,2025-08-29 17:00:00,CUST-305,Furniture,3,498.78,north
TXN-10043,2024-03-13 00:00:00,CUST-372,Electronics,6,25.9,South
TXN-10044,2025-07-29 14:00:00,CUST-481,furn.,9,125.44,East
TXN-10045,2023-08-07 08:00:00,,Furniture,6,162.05,South
TXN-10046,2024-03-11 13:00:00,CUST-439,Appliances,4,205.57,South
TXN-10047,2024-03-12 14:00:00,,furn.,5,128.71,EAST
TXN-10048,2025-08-11 05:00:00,CUST-108,Appliances,6,109.71,North
TXN-10049,2024-05-31 10:00:00,,furn.,3,477.73,South
